Model,Mean_AUC,SD
Logistic Regression,0.9933333333333334,0.01333333333333333
Random Forest,0.9916666666666668,0.012909944487358053
